word,category
carbon footprint,Climate/Environment & Sustainability
climate,Climate/Environment & Sustainability
decarbonization,Climate/Environment & Sustainability
emissions,Climate/Environment & Sustainability
energy transition,Climate/Environment & Sustainability
sustainable,Climate/Environment & Sustainability
LGBT,Gender & Sexuality
LGBTQ,Gender & Sexuality
abortion,Gender & Sexuality
female,Gender & Sexuality
gender,Gender & Sexuality
nonbinary,Gender & Sexuality
trans,Gender & Sexuality
transgender,Gender & Sexuality
women,Gender & Sexuality
BIPOC,Race/Ethnicity & Diversity
Black and Latinx,Race/Ethnicity & Diversity
community diversity,Race/Ethnicity & Diversity
community equity,Race/Ethnicity & Diversity
diverse,Race/Ethnicity & Diversity
diversify,Race/Ethnicity & Diversity
diversifying,Race/Ethnicity & Diversity
diversity,Race/Ethnicity & Diversity
equity,Race/Ethnicity & Diversity
inclusion,Race/Ethnicity & Diversity
inclusive,Race/Ethnicity & Diversity
minorities,Race/Ethnicity & Diversity
activism,"Social Justice, Bias & Advocacy"
activists,"Social Justice, Bias & Advocacy"
advocacy,"Social Justice, Bias & Advocacy"
advocate,"Social Justice, Bias & Advocacy"
barrier,"Social Justice, Bias & Advocacy"
barriers,"Social Justice, Bias & Advocacy"
bias,"Social Justice, Bias & Advocacy"
biased,"Social Justice, Bias & Advocacy"
cultural differences,"Social Justice, Bias & Advocacy"
cultural heritage,"Social Justice, Bias & Advocacy"
culturally appropriate,"Social Justice, Bias & Advocacy"
culturally responsive,"Social Justice, Bias & Advocacy"
disabilities,"Social Justice, Bias & Advocacy"
disability,"Social Justice, Bias & Advocacy"
discrimination,"Social Justice, Bias & Advocacy"
discriminatory,"Social Justice, Bias & Advocacy"
equitable,"Social Justice, Bias & Advocacy"
ethnicity,"Social Justice, Bias & Advocacy"
excluded,"Social Justice, Bias & Advocacy"
hate speech,"Social Justice, Bias & Advocacy"
marginalize,"Social Justice, Bias & Advocacy"
marginalized,"Social Justice, Bias & Advocacy"
minority,"Social Justice, Bias & Advocacy"
social justice,"Social Justice, Bias & Advocacy"
trauma,"Social Justice, Bias & Advocacy"
underrepresented,"Social Justice, Bias & Advocacy"
underserved,"Social Justice, Bias & Advocacy"
